"Keyword","Type","Target URL","Search Intent","Page Type","Cluster","Priority","Current Status","Cannibalization","Notes"
"online pdf tools","Primary","\/","commercial","Homepage","General PDF Tools","High","Active","No Issue","Homepage owns broad PDF management terms. Do not falsely imply official affiliation with competitor brands."
"merge pdf","Primary","\/merge-pdf","transactional","Tool","Organize PDF","High","Active","No Issue","Single primary keyword owner for merge PDF searches."
"split pdf","Primary","\/split-pdf","transactional","Tool","Organize PDF","High","Active","No Issue","Single primary keyword owner for split PDF searches."
"compress pdf","Primary","\/compress-pdf","transactional","Tool","Optimize PDF","High","Active","No Issue","High demand transactional tool page for PDF compression."
"pdf to word","Primary","\/pdf-to-word","transactional","Converter","Convert From PDF","High","Active","No Issue","Primary converter tool for PDF to Word \/ DOCX."
"word to pdf","Primary","\/word-to-pdf","transactional","Converter","Convert To PDF","High","Active","No Issue","Primary converter tool for Word to PDF."
"pdf to excel","Primary","\/pdf-to-excel","transactional","Converter","Convert From PDF","High","Active","No Issue","Extracts tabular data directly to Excel spreadsheets."
"excel to pdf","Primary","\/excel-to-pdf","transactional","Converter","Convert To PDF","High","Active","No Issue","Converts Excel spreadsheets into PDF documents."
"pdf to powerpoint","Primary","\/pdf-to-powerpoint","transactional","Converter","Convert From PDF","High","Active","No Issue","Converts PDFs into editable PPTX slides."
"powerpoint to pdf","Primary","\/powerpoint-to-pdf","transactional","Converter","Convert To PDF","High","Active","No Issue","Converts PPT and PPTX presentations into PDF."
"jpg to pdf","Primary","\/jpg-to-pdf","transactional","Converter","Convert To PDF","High","Active","No Issue","High demand image-to-PDF converter."
"pdf to jpg","Primary","\/pdf-to-jpg","transactional","Converter","Convert From PDF","High","Active","No Issue","Extracts images or saves PDF pages as JPG."
"png to pdf","Primary","\/png-to-pdf","transactional","Converter","Convert To PDF","Medium","Active","No Issue","Converts PNG transparent image files to PDF."
"pdf to png","Primary","\/pdf-to-png","transactional","Converter","Convert From PDF","Medium","Active","No Issue","Converts PDF pages into transparent PNG images."
"html to pdf","Primary","\/html-to-pdf","transactional","Converter","Convert To PDF","Medium","Active","No Issue","Converts web pages and HTML files to PDF."
"pdf to html","Primary","\/pdf-to-html","transactional","Converter","Convert From PDF","Medium","Active","No Issue","Converts PDF files into responsive HTML code."
"pdf to text","Primary","\/pdf-to-txt","transactional","Converter","Convert From PDF","Medium","Active","No Issue","Extracts plain text content from PDFs."
"text to pdf","Primary","\/txt-to-pdf","transactional","Converter","Convert To PDF","Medium","Active","No Issue","Converts raw text and TXT files to formatted PDF."
"pdf editor","Primary","\/edit-pdf","transactional","Editor","Edit PDF","High","Active","No Issue","Full PDF editing suite allowing online text, shape, and drawing modifications."
"sign pdf","Primary","\/sign-pdf","transactional","Editor","Sign & Security","High","Active","No Issue","Online electronic signature tool for signing PDF contracts and forms."
"watermark pdf","Primary","\/watermark-pdf","transactional","Editor","Edit PDF","Medium","Active","No Issue","Applies custom text or image watermarks to PDF pages."
"rotate pdf","Primary","\/rotate-pdf","transactional","Editor","Organize PDF","Medium","Active","No Issue","Rotates landscape\/portrait PDF pages permanently."
"crop pdf","Primary","\/crop-pdf","transactional","Editor","Edit PDF","Medium","Active","No Issue","Crops PDF page margins and frame dimensions."
"organize pdf","Primary","\/organize-pdf","transactional","Tool","Organize PDF","Medium","Active","No Issue","Interactive visual drag-and-drop page reordering tool."
"remove pages from pdf","Primary","\/remove-pages","transactional","Tool","Organize PDF","Medium","Active","No Issue","Deletes specific unwanted pages from a PDF document."
"extract pages from pdf","Primary","\/extract-pages","transactional","Tool","Organize PDF","Medium","Active","No Issue","Extracts selected page ranges into a separate PDF file."
"add page numbers to pdf","Primary","\/add-page-numbers","transactional","Editor","Edit PDF","Medium","Active","No Issue","Inserts customized page numbers into PDF headers or footers."
"protect pdf","Primary","\/protect-pdf","transactional","Security","Sign & Security","High","Active","No Issue","Encrypts PDF files with password protection."
"unlock pdf","Primary","\/unlock-pdf","transactional","Security","Sign & Security","High","Active","No Issue","Authorization-focused tool for removing known passwords from user-owned PDFs."
"redact pdf","Primary","\/redact-pdf","transactional","Security","Sign & Security","High","Active","No Issue","Permanently blacks out and redacts confidential data from PDF text."
"ocr pdf","Primary","\/ocr-pdf","transactional","OCR","OCR & AI","High","Active","No Issue","Optical Character Recognition engine to turn scanned PDFs into searchable text."
"repair pdf","Primary","\/repair-pdf","transactional","Tool","Optimize PDF","Medium","Active","No Issue","Fixes and recovers corrupted or damaged PDF file headers."
"pdf to pdf/a","Primary","\/pdf-to-pdfa","transactional","Converter","Convert To PDF","Low","Active","No Issue","Converts standard PDFs into ISO compliant PDF\/A archival format."
"remove pdf metadata","Primary","\/remove-pdf-metadata","transactional","Security","Sign & Security","Low","Active","No Issue","Strips author name, producer tags, creation dates, and personal metadata from PDF files."
"flatten pdf","Primary","\/flatten-pdf","transactional","Security","Edit PDF","Medium","Active","No Issue","Renders fillable form fields and annotations permanently flat."
"pdf forms","Primary","\/pdf-forms","transactional","Editor","Edit PDF","Medium","Active","No Issue","Interactive online form filler for interactive PDF documents."
"annotate pdf","Primary","\/annotate-pdf","transactional","Editor","Edit PDF","Medium","Active","No Issue","Adds highlights, sticky notes, freehand markup, and annotations to PDFs."
"pdf summarizer","Primary","\/ai-pdf-summarizer","transactional","AI","OCR & AI","High","Active","No Issue","AI-powered tool that generates key bullet point summaries from lengthy PDFs."
"chat with pdf","Primary","\/ask-pdf","transactional","AI","OCR & AI","High","Active","No Issue","Conversational AI assistant interface to query PDF contents."
"translate pdf","Primary","\/translate-pdf","transactional","AI","OCR & AI","High","Active","No Issue","Translates full PDF documents into 50+ languages using AI while preserving layout."
"pdf to markdown","Primary","\/pdf-to-markdown","transactional","Converter","Convert From PDF","Medium","Active","No Issue","Extracts structured text and code blocks from PDF into clean Markdown (.md)."
"extract tables from pdf","Primary","\/extract-pdf-tables","transactional","Tool","Convert From PDF","Medium","Active","No Issue","Detects and extracts tabular grids from PDF files."
"compare pdf","Primary","\/compare-pdf","transactional","Tool","Organize PDF","Medium","Active","No Issue","Side-by-side visual diff tool to highlight changes between two PDF documents."
"scan to pdf","Primary","\/scan-to-pdf","transactional","Tool","Convert To PDF","Medium","Active","No Issue","Webcam or device camera scanner to create clean PDFs from physical documents."
"pdf workflow","Primary","\/workflows","commercial","Workflow","Workflows & Automation","Medium","Active","No Issue","Custom multi-step PDF automated task pipelines."
"pdf api","Primary","\/developers","commercial","Developer","API & Developers","High","Active","No Issue","Developer REST API portal for high-volume server-side document processing."
"pdf tools for business","Primary","\/business","commercial","Business","Business Solutions","High","Active","No Issue","Enterprise landing page for team accounts, security guarantees, and compliance."
"pdf help","Primary","\/faq","informational","FAQ","Help & Support","Medium","Active","No Issue","Main FAQ and Knowledgebase center."
"pdf guides","Primary","\/blog","informational","Blog","Editorial & Guides","High","Active","No Issue","Main editorial hub hosting guides, tutorials, and troubleshooting articles."
"pdf too large","Problem","\/blog\/why-is-my-pdf-file-so-large","informational","Problem\/Troubleshooting","Troubleshooting","High","Active","No Issue","Troubleshooting guide explaining why PDFs get bloated and how to compress them."
"pdf corrupted","Problem","\/blog\/fix-damaged-pdf","informational","Problem\/Troubleshooting","Troubleshooting","Medium","Active","No Issue","Troubleshooting article explaining how to repair damaged PDF file headers."
"scanned pdf not searchable","Problem","\/blog\/make-scanned-pdf-searchable","informational","Problem\/Troubleshooting","Troubleshooting","Medium","Active","No Issue","Troubleshooting guide explaining how OCR recognizes image text inside scanned PDFs."
"how to merge pdf","Question","\/blog\/how-to-merge-pdf-files","informational","Blog","How-To Guides","High","Active","No Issue","Step-by-step tutorial guide on merging PDFs online and offline."
"how to compress pdf","Question","\/blog\/how-to-compress-pdf-without-losing-quality","informational","Blog","How-To Guides","High","Active","No Issue","Step-by-step tutorial on optimizing PDF compression DPI and image quality."
"ilovepdf","Brand research","\/","navigational","Homepage","Brand Research","Medium","Research","No Issue","Brand research term. Do not falsely imply official affiliation or endorsement."
"i love pdf","Brand research","\/","navigational","Homepage","Brand Research","Medium","Research","No Issue","Brand research term. Do not falsely imply official affiliation or endorsement."
"ilove pdf","Brand research","\/","navigational","Homepage","Brand Research","Medium","Research","No Issue","Brand research term. Do not falsely imply official affiliation or endorsement."
